name,popularity,total_rating,esrb
Apache: Air Assault,1.333333333333333,77.5,5.0
TOEIC Test: Jissen Tokkun,1.333333333333333,NaN,
Jikkyou Powerful Pro Yakyuu 2014,2.333333333333333,76.8687343318891,
Senran Kagura: Estival Versus,4.0,68.9531778722384,
Itoi Shigesato no Bass Tsuri No. 1,1.333333333333333,76.1480773678348,
Cubivore: Survival of the Fittest,1.333333333333333,75.16666666666666,3.0
The Sims 3: Seasons,1.333333333333333,62.5,5.0
Anarchy Reigns,1.0,NaN,6.0
FlatOut,1.333333333333333,NaN,5.0
Project X Zone 2,1.333333333333333,NaN,5.0
NCAA Basketball 09,1.333333333333333,77.6,3.0
Bakugan Battle Brawlers: Defenders of the Core,1.333333333333333,68.3333333333333,4.0
Mr. Do!'s Castle,4.333333333333334,NaN,
Death Trap,1.333333333333333,NaN,
Armor Ambush,4.666666666666666,NaN,
Parodius,1.666666666666667,77.5,
Thrillville: Off the Rails,1.0,NaN,
Hyperdimension Neptunia Victory,1.333333333333333,45.0,5.0
Taz: Wanted,1.333333333333333,54.0,3.0
Mobile Suit Gundam Extreme Vs-Force,1.333333333333333,75.0,
Sid Meier's Pirates!,1.333333333333333,72.92064448665195,
MLB 16: The Show - duplicate,1.333333333333333,61.66666666666665,
Phantasy Star Online 2,1.333333333333333,74.042923940965,5.0
Motor Mayhem,5.666666666666667,NaN,
PoPoLoCrois,1.333333333333333,65.91666666666666,3.0
Star Wars: Super Bombad Racing,1.333333333333333,80.0,3.0
Hamster Heroes,1.666666666666667,70.0,3.0
Hot Wheels Velocity X,4.666666666666666,65.0,3.0
Ar nosurge: Ode to an Unborn Star,1.333333333333333,65.1666666666667,5.0
Chaotic: Shadow Warriors,2.0,40.0,4.0
Leisure Suit Larry: Box Office Bust,1.333333333333333,30.0,6.0
Alien Resurrection,1.333333333333333,NaN,
World Tour Soccer 2005,1.0,53.47876672081535,3.0
Dungeon Siege: Throne of Agony,1.333333333333333,65.98988391339545,5.0
Spider-Man: Web of Shadows,1.333333333333333,60.0,5.0
F1 2011,1.333333333333333,81.0,
Rio,1.0,NaN,
Gunslingers,1.333333333333333,43.3333333333333,
Create,1.333333333333333,NaN,3.0
Lufia: Curse of the Sinistrals,1.666666666666667,83.5,
El Shaddai: Ascension of the Metatron,1.666666666666667,NaN,5.0
ESPN College Hoops,1.333333333333333,50.0,3.0
Thor: God of Thunder,1.333333333333333,79.5,5.0
F1 Championship Season 2000,1.333333333333333,NaN,
Guilty Gear Judgment,1.333333333333333,66.0,
Pen 1 Grand Prix: Penguin no Mondai Special,1.333333333333333,61.14285714285715,
Clash of the Titans,1.333333333333333,65.0,
Around the World in 80 days,2.333333333333333,30.0,
Robotech: Battlecry,1.333333333333333,72.0,5.0
True Swing Golf,1.333333333333333,83.80379572891165,3.0
Zapper One Wicked Cricket!,1.666666666666667,63.6666666666667,
Bomberman Land,1.333333333333333,70.0,
Paws & Claws Pampered Pets Resort 3D,1.666666666666667,60.5,
Kya: Dark Lineage,1.666666666666667,83.3124618449252,5.0
Dynasty Warriors 8: Xtreme Legends,6.666666666666667,57.0,5.0
Curious George,1.333333333333333,60.25,3.0
Monster Jam,1.666666666666667,69.0,3.0
Medieval Games,1.333333333333333,57.5,4.0
Stronghold 3,1.333333333333333,63.13622991114025,5.0
The Amazing Spider-Man,1.333333333333333,73.0,5.0
Kid Adventures: Sky Captain,1.333333333333333,60.0,3.0
Lethal Skies II,2.0,79.9882936916735,5.0
Doctor Lautrec and the Forgotten Knights,15.33333333333333,76.5,
American Dragon: Jake Long: Attack of the Dark Dragon,3.666666666666667,30.0,3.0
Godzilla: Unleashed,1.333333333333333,57.0492050154183,4.0
Kamaitachi no Yoru,1.333333333333333,NaN,
Tom and Jerry: Infurnal Escape,1.333333333333333,40.0,3.0
The Legend of Heroes: Zero no Kiseki,1.333333333333333,NaN,
Warriors Orochi 3,5.666666666666667,64.2,5.0
King's Field,1.666666666666667,NaN,
Hannah Montana: Rock out the Show,1.333333333333333,NaN,3.0
Let's Ride!: Sunshine Stables,1.333333333333333,50.0,
World Stadium 4,3.0,NaN,
Midway Arcade Treasures 2,1.666666666666667,64.1861794659216,6.0
Hot Wheels World Race,2.333333333333333,55.0,
San Goku Shi,1.333333333333333,85.3237129331985,
Kawa no Nushi Tsuri,1.333333333333333,NaN,
N2O: Nitrous Oxide,6.0,NaN,
Magic: The Gathering – Battlegrounds,1.666666666666667,NaN,5.0
Heroes Over Europe,1.333333333333333,NaN,
Dancing with the Stars,1.0,89.0362439341628,4.0
Major League Baseball 2K12,1.666666666666667,90.0,3.0
Pro Evolution Soccer 2015,1.333333333333333,NaN,
Bladestorm: Nightmare,1.333333333333333,NaN,5.0
Otogirisou,5.666666666666667,NaN,
SD Gundam G Generation 3D,1.333333333333333,77.8008335428729,
Crash Tag Team Racing,4.666666666666666,74.33333333333334,
Grease Dance,1.333333333333333,63.5,5.0
Ready 2 Rumble: Revolution,2.666666666666667,65.12135305724105,5.0
My Baby 3 & Friends,7.666666666666667,72.8904081880643,
NASCAR '14,1.333333333333333,75.0,3.0
TimeSplitters: Future Perfect,1.333333333333333,57.5,6.0
Midway Arcade Treasures 3,2.666666666666667,55.0,3.0
Dr. Muto,2.0,80.0,5.0
Beowulf: The Game,1.333333333333333,84.0268751126489,
Puzzle Quest: Galactrix,2.333333333333333,56.2663219628854,4.0
Kanji Sono Mama Rakubiki Jiten,1.333333333333333,86.3333333333333,
SeaWorld Adventure Parks: Shamu's Deep Sea Adventures,6.333333333333333,72.5,
Fatal Frame II: Crimson Butterfly,1.333333333333333,NaN,6.0
Angry Birds Trilogy,1.666666666666667,83.7363519885001,3.0
Dewy's Adventure,1.333333333333333,76.66780318303505,3.0
Shadow Man: 2econd Coming,1.666666666666667,NaN,6.0
Yu-Gi-Oh! 5D's Tag Force 5,22.66666666666667,70.94185398476685,
NPPL Championship Paintball 2009,1.333333333333333,70.0,4.0
Dynasty Warriors 4,5.666666666666667,70.0,5.0
Wakeboarding Unleashed Featuring Shaun Murray,1.333333333333333,77.06909168148665,3.0
The Incredibles: Rise of the Underminer,1.333333333333333,69.6666666666667,4.0
Jikkyou Powerful Pro Yakyuu 3: '97 Haru,2.0,50.0,
Alone in the Dark: The New Nightmare,2.0,26.0,6.0
The Bigs,3.0,77.5,3.0
Flushed Away,3.0,NaN,3.0
Eragon,8.333333333333332,76.5,5.0
Scarface: Money. Power. Respect.,1.333333333333333,NaN,6.0
Summon Night Ecstasy: Yoake No Tsubasa,2.333333333333333,73.5,
Pro Yakyuu Spirits 3,1.333333333333333,81.7916072522157,
Silent Scope 3,1.333333333333333,NaN,
World Series of Poker: Tournament of Champions,5.0,60.0,5.0
NASCAR Heat 2002,3.333333333333333,58.29712539375005,3.0
Namco Classic Fighter Collection,1.333333333333333,20.0,
International Superstar Soccer Deluxe,1.333333333333333,60.0,
TNA Impact!,1.333333333333333,85.6,5.0
Intellivision Lives!,2.0,40.0,3.0
Field Commander,1.333333333333333,73.75,5.0
Robots,1.333333333333333,NaN,3.0
Little League World Series Baseball 2009,1.333333333333333,NaN,3.0
The King of Fighters XII,2.0,69.4,
Doctor Who: Evacuation Earth,1.0,57.0,
Murdered: Soul Suspect,1.666666666666667,75.0,6.0
Ener-G Dance Squad,1.333333333333333,79.16666666666666,
Our House,1.333333333333333,NaN,
SimEarth: The Living Planet,1.333333333333333,NaN,
Major League Baseball 2K11,8.0,85.0,3.0
Sengoku Basara Chronicle Heroes,1.333333333333333,82.34698623547055,
NBA 2K12,1.333333333333333,77.0,3.0
The Wild Thornberrys: Chimp Chase,6.666666666666667,76.6089167138565,
Stakes Winner,1.333333333333333,71.0,
Fighters Destiny,15.0,NaN,5.0
Asteroids Hyper 64,8.0,NaN,3.0
The Powerpuff Girls: Chemical X-Traction,1.333333333333333,NaN,3.0
Jikkyou Powerful Pro Yakyuu 2010,1.333333333333333,74.06369057478881,
Tom and Jerry in Fists of Furry,1.0,NaN,3.0
Hydro Thunder,1.333333333333333,85.66797560890615,3.0
Space Invaders,1.333333333333333,46.6666666666667,3.0
StarCraft 64,1.333333333333333,81.7916072522157,5.0
Destruction Derby 64,2.333333333333333,60.0,3.0
Buck Bumble,2.0,NaN,3.0
California Speed,1.666666666666667,NaN,3.0
Wonder Project J2: Koruro no Mori no Jozet,1.666666666666667,65.0,
Culdcept Saga,1.666666666666667,75.86678600433589,5.0
Take a Break! Pinball,1.333333333333333,64.72305015592445,
Dragon Ball: Origins 2,9.666666666666666,NaN,5.0
Nippon Futsal League Kounin: Minna no DS Futsal,1.333333333333333,NaN,
Innocent Life: A Futuristic Harvest Moon,2.333333333333333,80.0135355132999,
The Crew,2.0,81.26762739734305,5.0
Macross Ace Frontier,1.333333333333333,74.1860545779994,
Super Black Bass X2,1.333333333333333,70.0,
Sherlock Holmes Versus Jack the Ripper,1.666666666666667,NaN,
.hack//G.U. Vol. 2: Reminisce,2.333333333333333,84.75,
Rapala Pro Fishing,1.333333333333333,NaN,
TimeShift,5.333333333333333,NaN,6.0
Blitz: The League,7.333333333333333,56.25,6.0
Spelling Challenges,1.333333333333333,66.0,
MotionSports: Adrenaline,1.666666666666667,73.75941543237305,3.0
Ener-G Horse Riders,8.0,74.1931866884555,
Time Hollow,1.333333333333333,60.0,
Farming Simulator 2013,3.666666666666667,NaN,3.0
Rudolph The Red-Nosed Reindeer,1.333333333333333,NaN,
Shinobido: Tales of the Ninja,1.666666666666667,NaN,
SpongeBob's Truth or Square,1.333333333333333,NaN,3.0
Ghost In The Shell: Stand Alone Complex,1.333333333333333,NaN,
Rondo of Swords,4.666666666666666,85.07142857142856,
Bulletstorm,1.666666666666667,79.6928352329172,6.0
Battle Soccer: Field no Hasha,1.666666666666667,67.7366335094809,
Shaun White Skateboarding,2.0,55.0,5.0
MLB 11: The Show,1.333333333333333,81.25,3.0
Vegas Party,22.0,66.3333333333333,
Amped 3,1.333333333333333,57.0,5.0
Family Party: 30 Great Games Outdoor Fun,1.333333333333333,74.16666666666666,4.0
FlatOut 2,2.666666666666667,61.04753885475735,5.0
Naruto: Ultimate Ninja Heroes 2: The Phantom Fortress,2.333333333333333,NaN,
FIFA Soccer 96,1.333333333333333,55.0,3.0
Burger Island,1.333333333333333,NaN,3.0
Dynasty Warriors 8,11.0,84.6666666666667,5.0
NCAA Final Four 2001,1.666666666666667,69.8611111111111,
Tak and the Guardians of Gross,1.333333333333333,78.49243651434693,4.0
Just Dance: Disney Party,6.0,NaN,3.0
LEGO The Lord of the Rings,1.333333333333333,63.75,4.0
Dengeki Bunko: Fighting Climax,1.333333333333333,NaN,5.0
J-League Jikkyou Winning Eleven,3.0,NaN,
EVE THE LOST ONE,3.0,60.0,
Chessmaster: The Art of Learning,3.333333333333333,NaN,3.0
Yu-Gi-Oh! 5D's Duel Transer,1.333333333333333,NaN,
Lego Legends of Chima: Laval's Journey,1.333333333333333,64.1861794659216,4.0
Konami Krazy Racers,1.333333333333333,NaN,3.0
Saturday Night Slam Masters,2.0,85.30677667212495,5.0
Blitz: The League II,1.333333333333333,77.51923631551881,
F-Zero: GP Legend,1.333333333333333,NaN,3.0
Racing Lagoon,1.333333333333333,72.0,
Victorious Hollywood Arts Debut,1.333333333333333,60.0,3.0
Mr. Driller 2,1.333333333333333,67.0,3.0
Just Sing!,1.333333333333333,60.0,
Darksiders II,1.666666666666667,70.0,6.0
Dragon's Lair Trilogy,1.666666666666667,46.0,
Trivial Pursuit: Bet You Know It,1.333333333333333,NaN,
Imagine: Ice Champions,4.666666666666666,66.23530491466755,3.0
J-League Pro Soccer Club o Tsukurou! 6 Pride of J,1.666666666666667,71.66666666666666,
Nicktoons MLB,2.333333333333333,27.5,3.0
Sniper: Ghost Warrior,1.333333333333333,62.5,6.0
Left Brain Right Brain 2,1.333333333333333,65.0,3.0
Rio,1.333333333333333,77.0,
2 Games in 1 Double Pack: Power Rangers Ninja Storm + Power Rangers Time Force,6.0,60.0,
Mugen Souls,1.333333333333333,80.91880366406426,5.0
Yakuza Kiwami 2,12.66666666666667,47.5,6.0
Pachi-Slot Kanzen Kouryaku: Universal Shindai Nyuuka Volume 1,1.333333333333333,70.0,
Black College Football: BCFX: The Xperience,1.333333333333333,71.0,3.0
FIFA Soccer 97,1.333333333333333,NaN,
Saw II: Flesh & Blood,1.333333333333333,73.8,6.0
Psychic Force,1.333333333333333,70.0,5.0
Trigger Man,1.0,NaN,5.0
Bomberman Land Touch! 2,1.666666666666667,NaN,
Michael Jackson: The Experience,3.333333333333333,65.91666666666666,4.0
The Godfather: Blackhand Edition,24.33333333333333,45.41064948113665,
StarBlade,6.666666666666667,77.42159041982345,
Mobile Suit Gundam: Giren No Yabou - Axis No Kyoui,1.666666666666667,87.87328596718714,
Tiger Woods PGA Tour 2004,3.333333333333333,83.67454356881325,
Monster House,1.333333333333333,60.0,4.0
Angry Birds Star Wars,1.333333333333333,60.0,
Backyard Sports: Sandlot Sluggers,16.0,77.0338434783543,3.0
Guilty Gear Xrd: Sign,1.333333333333333,75.0,5.0
Arcade Zone,1.333333333333333,88.19202407352631,3.0
SpongeBob's Boating Bash,1.333333333333333,66.83333333333334,3.0
7th Dragon III Code: VFD,2.333333333333333,62.5,5.0
Dirt 3,1.333333333333333,60.0,5.0
Culdcept,1.333333333333333,68.25,
Birds of Steel,1.333333333333333,55.0,5.0
Rudolph The Red-Nosed Reindeer,1.666666666666667,NaN,
WWE '13,1.333333333333333,74.2,5.0
MX 2002 Featuring Ricky Carmichael,2.666666666666667,45.87100939110425,3.0
Ultimate Action Triple Pack,2.333333333333333,75.38072542751391,6.0
Street Racer,1.333333333333333,69.0,
Bomberman,1.333333333333333,77.6603152109801,3.0
NBA 2K3,2.333333333333333,70.81135830895215,3.0
Arcana Heart,1.333333333333333,75.83333333333334,
NHL 2005,1.666666666666667,76.83333333333334,3.0
World Soccer: Winning Eleven 2010 - Arcade Championship,1.333333333333333,NaN,
Infected,2.0,NaN,6.0
Battlestar Galactica,1.333333333333333,90.0,
The Walking Dead: Season One,1.333333333333333,NaN,6.0
Kingdom Hearts: Birth by Sleep Final Mix,1.333333333333333,75.35714285714285,
Bust-A-Move Bash!,1.333333333333333,NaN,3.0
Block Party,3.0,80.0,
Toriko: Gourmet Monsters!,2.666666666666667,71.84882305312996,
The Incredible Hulk: The Pantheon Saga,1.333333333333333,78.0,
Darksiders II,2.0,54.0,6.0
Megamind: Ultimate Showdown,1.0,72.875,4.0
THE iDOLM@STER 2,1.333333333333333,82.5,
Space Camp,1.333333333333333,NaN,3.0
Imagine: Music Fest,1.333333333333333,NaN,3.0
AC/DC Live: Rock Band - Track Pack,1.0,56.2121212121212,5.0
Senran Kagura: Shoujotachi no Shinei,1.666666666666667,NaN,
Ultimate Spider-Man,19.66666666666667,75.47688908949556,5.0
Fist of the North Star: Ken's Rage,1.333333333333333,85.6799151629309,
Jurassic Park: The Game,1.0,NaN,5.0
He-Man: Power of Grayskull,1.333333333333333,54.6791519766813,3.0
WordJong Arcade,1.666666666666667,50.0,
Putty Squad,1.333333333333333,47.00323532310945,
Polaris SnoCross,2.0,55.1041339144183,3.0
Wing Commander III: Heart of the Tiger,3.0,NaN,6.0
Top Spin 4,2.0,61.4253734793959,3.0
Prince of Persia: The Forgotten Sands,1.333333333333333,75.01696455718749,5.0
Mat Hoffman's Pro BMX 2,4.333333333333334,85.0,3.0
Muppet RaceMania,2.333333333333333,82.5,3.0
Namco Museum Vol. 5,2.0,NaN,
Courier Crisis,1.0,NaN,
Bleach: Dark Souls,1.333333333333333,NaN,5.0
The Oregon Trail,1.333333333333333,47.5,4.0
Digimon Battle Spirit 2,1.333333333333333,40.0,3.0
Winning Post 3,2.0,74.5,
FIFA 06: Road to FIFA World Cup,1.333333333333333,60.0,3.0
Driven,1.666666666666667,NaN,5.0
F.E.A.R. 3,1.333333333333333,NaN,6.0
de Blob 2,10.0,75.2235413106396,4.0
"Warhammer 40,000: Fire Warrior",1.666666666666667,56.6666666666667,6.0
Hot Wheels Battle Force 5,2.333333333333333,83.5,4.0
James Noir's Hollywood Crimes,1.333333333333333,70.0,5.0
Deadly Premonition,13.0,NaN,
Bomberman,1.333333333333333,75.38908345339095,3.0
MTV Music Generator 2,1.333333333333333,70.6666666666667,1.0
Jewel Quest Solitaire Trio,4.0,75.0,
Chaotic: Shadow Warriors,5.333333333333333,78.23670381439355,4.0
Space Invaders Extreme,1.333333333333333,80.24759818145836,3.0
Burnout 2: Point of Impact,4.333333333333334,NaN,3.0
Paris-Dakar Rally,1.666666666666667,62.83333333333335,
All-Pro Football 2K8,1.333333333333333,81.31188779772256,4.0
Dragon Ball Z: Harukanaru Densetsu,1.0,71.5,3.0
Atelier Iris: Eternal Mana,1.666666666666667,71.95417998236135,5.0
Blinx 2: Masters of Time and Space,2.0,83.0,3.0
Stormrise,1.333333333333333,58.4513828454991,6.0
NHL 2K10,2.333333333333333,69.1428571428571,3.0
FIFA Street 2,1.333333333333333,74.16666666666666,3.0
Tak: The Great Juju Challenge,1.333333333333333,68.46600417302139,3.0
Deponia,2.333333333333333,NaN,
Harvest Moon: The Lost Valley,1.333333333333333,65.89735318966649,3.0
Knockout Kings 2003,17.33333333333333,NaN,5.0
NCAA Football 2004,1.666666666666667,79.6174010127845,3.0
XGIII: Extreme G Racing,1.333333333333333,NaN,
NHL 17,1.666666666666667,86.48425246696746,4.0
Jewel Quest Solitaire II,2.0,65.91666666666666,
Metal Gear Solid V: Ground Zeroes,1.666666666666667,69.4470984099163,6.0
Digimon World 4,4.333333333333334,86.5,3.0
Cars Race-O-Rama,6.666666666666667,72.29699072361295,3.0
Disney's Story Studio: Mulan,1.666666666666667,86.43937536358814,3.0
Klax,2.333333333333333,75.0,3.0
Pressure Cooker,2.0,50.0,
Saturn Bomberman,2.333333333333333,NaN,
Home Run,1.333333333333333,75.0,
Jikkyou Powerful Pro Yakyuu 2010,1.333333333333333,NaN,
The Adventures of Tintin: The Game,1.333333333333333,73.2638384363366,4.0
American Chopper,1.666666666666667,NaN,5.0
Sonny with a Chance,1.666666666666667,60.0,3.0
Murdered: Soul Suspect,1.666666666666667,79.5,6.0
Farm Frenzy,1.333333333333333,55.856015,3.0
Kingdom Under Fire: Heroes,1.666666666666667,40.0,6.0
Wolfenstein: The Old Blood,1.333333333333333,47.5,6.0
The Terminator: Dawn of Fate,2.333333333333333,75.14285714285715,5.0
Game Boy Advance Video: Cartoon Network Collection - Volume 1,12.66666666666667,71.46577579421415,
Naruto Shippuden: Legends: Akatsuki Rising,5.0,91.0,5.0
Scooby-Doo! Unmasked,1.333333333333333,67.5,3.0
Streak: Hoverboard Racing,1.333333333333333,79.83667942206199,
Samurai Warriors: Katana,2.0,65.1666666666667,5.0
Project Sylpheed: Arc of Deception,1.0,72.67745806434371,
Enthusia: Professional Racing,1.333333333333333,75.0,
NCAA Gamebreaker 2001,1.333333333333333,81.5559324965991,
Get On Da Mic,1.333333333333333,66.34117014655125,5.0
Heroes of Mana,1.666666666666667,NaN,
Jurassic: The Hunted,1.666666666666667,NaN,5.0
Army Men: Sarge's War,1.333333333333333,65.1666666666667,5.0
Horse Life Adventures,1.333333333333333,57.5,3.0
Amagami Ebikore+,1.333333333333333,NaN,
Ice Age 2: The Meltdown,1.333333333333333,50.0,4.0
Jikkyou Powerful Pro Yakyuu 2009,1.333333333333333,NaN,
Blazing Angels 2: Secret Missions of WWII,1.333333333333333,61.14285714285715,5.0
Bigfoot: Collision Course,2.666666666666667,74.9375,3.0
Marvel Super Hero Squad: The Infinity Gauntlet,1.0,NaN,4.0
Uchuu Senkan Gomora,20.33333333333333,70.0,
Tears To Tiara II: Heir Of The Overlord,1.333333333333333,NaN,5.0
Frogger's Adventures: The Rescue,1.333333333333333,75.30249209209404,3.0
The Incredibles: Rise of the Underminer,1.666666666666667,NaN,4.0
Darksiders,2.333333333333333,57.5,6.0
The Secret Saturdays: Beasts of the 5th Sun,1.333333333333333,NaN,4.0
Countdown,1.333333333333333,63.0,
Active Life: Explorer,8.333333333333332,56.3333333333333,3.0
MLB Power Pros 2008,1.333333333333333,66.94110431351405,3.0
The Fairly OddParents: Clash With the Anti-World,10.0,60.83333333333335,3.0
Theatrhythm Dragon Quest,10.66666666666667,NaN,
Major League Baseball 2K10,1.333333333333333,52.5,3.0
Naruto: Powerful Shippuden,1.333333333333333,87.58704486269426,4.0
The Lion King: Simba's Mighty Adventure,1.333333333333333,90.0,3.0
Family Party: Fitness Fun,4.0,60.83333333333335,4.0
Thor: God of Thunder,2.0,60.0,5.0
Fantastic Four: Rise of the Silver Surfer,1.666666666666667,40.0,5.0
Metal Slug Anthology,1.333333333333333,70.0,5.0
GoldenEye 007,1.333333333333333,76.12159140545174,5.0
Jikkyou Powerful Pro Yakyuu 2012,4.0,59.4151073936217,
All Japan Pro Wrestling Featuring Virtua,1.0,57.0,
Rudra no Hihou,1.333333333333333,86.5,
Gundam Breaker 2,1.333333333333333,62.52175362656405,
Prince of Persia: The Sands of Time,1.333333333333333,33.46514578757165,5.0
Cake Mania: In the Mix,1.333333333333333,NaN,3.0
Zoids: Battle Legends,1.333333333333333,69.83333333333334,
World Series Baseball 2K3,1.333333333333333,90.0,3.0
Serious Sam,1.333333333333333,NaN,
Kowloon's Gate,3.0,50.6666666666667,
Killer7,1.666666666666667,NaN,6.0
Kingdom of Paradise,1.333333333333333,30.0,
Hidden Mysteries: Salem Secrets,1.333333333333333,NaN,
NBA Street Homecourt,1.666666666666667,86.0,3.0
The Sims Medieval: Pirates and Nobles,1.333333333333333,50.0,5.0
The Cursed Crusade,1.333333333333333,NaN,6.0
Super Monkey Ball Adventure,1.666666666666667,77.0,3.0
Kids Learn Math,1.666666666666667,65.5,
FIFA Soccer 2002,13.33333333333333,NaN,
Build-a-Bear Workshop: Welcome to Hugsville,1.666666666666667,43.75,
Street Fighter Anniversary Collection,4.333333333333334,92.14823034492063,5.0
Final Fantasy XI Online: Vana'diel Collection 2008,2.333333333333333,79.26095117421426,
Suzumiya Haruhi no Yakusoku,2.666666666666667,NaN,
Shadow Ops: Red Mercury,1.666666666666667,50.0,5.0
Fahrenheit: Indigo Prophecy Remastered,1.333333333333333,85.0,
Mind Zero,3.333333333333333,NaN,5.0
World League Soccer,2.666666666666667,82.9560767883779,
NBA ShootOut 2001,2.0,51.6666666666667,3.0
Earth Defense Force 2025,1.333333333333333,66.0,6.0
Spider-Man: Friend or Foe,2.0,80.0687096575556,4.0
Ultimate Board Game Collection,1.0,83.07680567644775,
Syndicate,1.666666666666667,NaN,5.0
Samurai Shodown Anthology,1.666666666666667,NaN,
NBA 09: The Inside,1.666666666666667,NaN,3.0
Musashi: Samurai Legend,1.0,72.0,
Saint Seiya: Soldiers' Soul,1.333333333333333,79.54871975971865,
Terraria,1.333333333333333,70.7142857142857,5.0
Castlevania: Lords of Shadow - Mirror of Fate,1.333333333333333,79.0,6.0
3rd Super Robot Wars,17.66666666666667,40.0,
Fantasia: Music Evolved,1.333333333333333,NaN,4.0
Game Boy Advance Video Movie: Shrek 2,1.666666666666667,82.63169837043264,
F1 2001,1.333333333333333,81.6666666666667,
The Legend of Heroes: Trails of Cold Steel II,1.333333333333333,NaN,5.0
Top Gun: Combat Zones,1.333333333333333,69.90711680930704,3.0
J-League Winning Goal,2.333333333333333,78.16666666666666,
Bakugan Battle Brawlers: Defenders of the Core,7.0,NaN,4.0
Oreshika: Tainted Bloodlines,2.0,62.1707080504365,5.0
White Knight Chronicles: Origins,1.666666666666667,62.5,5.0
Return to PopoloCrois: A Story of Seasons Fairytale,1.333333333333333,71.66666666666666,4.0
The Fairly OddParents: Shadow Showdown,2.0,64.50494801563555,3.0
History Civil War: Secret Missions,1.333333333333333,77.1654895865286,5.0
NHL 09,1.333333333333333,48.03193845740595,
Mirror's Edge Catalyst,1.0,NaN,5.0
Derby Stallion 64,1.0,50.0,
Doraemon 3: Nobita's Town SOS!,1.333333333333333,63.33333333333335,
Space Station Silicon Valley,1.333333333333333,77.0,3.0
Dark Rift,1.666666666666667,NaN,5.0
Tokyo Xanadu,1.333333333333333,NaN,5.0
All-Star Baseball 2003,1.333333333333333,44.3333333333333,3.0
Burger Island,2.0,NaN,3.0
Petz Dogz Talent Show,1.666666666666667,NaN,3.0
T'ai Fu: Wrath of the Tiger,1.666666666666667,NaN,5.0
Rocky,2.333333333333333,82.5497947729761,
Ford Racing 2,6.0,76.7796357289742,3.0
Odin Sphere: Leifthrasir,4.666666666666666,NaN,
Sam & Max 201: Ice Station Santa,1.333333333333333,70.0,
Virtua Tennis 4,1.333333333333333,76.33768976795756,3.0
Tetris Attack,7.0,57.0,3.0
Candace Kane's Candy Factory,1.333333333333333,78.05599479118456,3.0
BloodRayne 2,1.333333333333333,NaN,6.0
Hot Wheels: Beat That!,3.666666666666667,74.0,3.0
Soldier of Fortune: Payback,2.0,NaN,6.0
Jaws Unleashed,1.666666666666667,78.18159116935766,6.0
Pro Yakyuu Spirits 6,,30.0,
Star Trek: Voyager - Elite Force Expansion Pack,,50.0,5.0
X-Men: The Official Game,,NaN,5.0
Brain Boost: Gamma Wave,,69.4971562231988,
Scarface: The World Is Yours,,57.0492050154183,6.0
Rock Band: Metal Track Pack,,NaN,5.0
Chessmaster II,,33.5,
All-Star Baseball 2003,,NaN,3.0
Scooby-Doo! Mystery Mayhem,,78.80609300284345,3.0
Winning Post 4,,30.0,
Major League Baseball 2K13,,79.05160658588139,3.0
DreamWorks Super Star Kartz,,NaN,3.0
Pro Yakyuu Spirits 2015,,NaN,
187 Ride or Die,,81.31188779772256,6.0
Curious George,,76.6669488600479,3.0
Game Boy Advance Video: Strawberry Shortcake - Volume 1,,61.66666666666665,
Armored Core: For Answer,,70.0,5.0
Geist,,NaN,6.0
Ejay Clubworld,,35.742845658686,
Cardinal Syn,,52.0,6.0
Charm Girls Club Pajama Party,,57.5,3.0
Street Fighter Alpha 3,,NaN,5.0
The Wizard of Oz: Beyond the Yellow Brick Road,,65.75,
Mobile Suit Gundam Side Story III: Sabakareshi Mono,,65.7522542024328,
Ridge Racer DS,,75.0,3.0
Warriors Orochi 3,,70.0,5.0
Nancy Drew: The White Wolf of Icicle Creek,,77.5,3.0
Super Street Fighter II,,75.5,
duplicate Metal Gear Solid: Peace Walker - HD Edition,,73.3033691561994,
Battle Stadium D.O.N,,80.0,
Kinniku Banzuke: Muscle Wars 21,,30.0,
Brain Boost: Beta Wave,,NaN,
Power Pro-Kun Pocket 9,,78.74607877309171,
Rubik's Puzzle World,,77.28174185080414,3.0
Gallop Racer 3: One and Only Road to Victory,,20.0,
Shenmue II,,NaN,5.0
Major League Baseball 2K8,,78.77710272063045,3.0
Capcom Classics Collection,,86.61374194638755,5.0
Fugitive Hunter: War on Terror,,NaN,
The Incredible Hulk: Ultimate Destruction,,46.0,5.0
Prince of Persia: The Two Thrones,,48.03193845740595,6.0
Ore no Imouto ga Konna ni Kawaii wake ga Nai Portable,,50.0,
Baseball Blast!,,NaN,3.0
Pac-Man World 3,,40.0,3.0
The Walking Dead: Season Two,,20.0,6.0
Harvest Moon: Hero of Leaf Valley,,74.8171571108924,
Phantasy Star Online Episode I & II,,78.18159116935766,5.0
F1 2012,,81.20838384075505,3.0
All-Star Baseball 2005,,78.15529207764405,3.0
Rayman Raving Rabbids 2,,40.0,4.0
Kung-Fu Master,,30.0,
SNK Arcade Classics Vol. 1,,70.6666666666667,5.0
Darkstalkers Chronicle: The Chaos Tower,,80.0687096575556,
NHL 2K10,,85.0,3.0
Batman Begins,,59.36674788820465,
Toy Story Racer,,40.0,
Ryū ga Gotoku Ishin!,,40.0,
F1 2011,,54.40568295262385,
Disney's Donald Duck: Goin' Quackers,,60.83333333333335,3.0
Mobile Suit Gundam: The One Year War,,76.25,
Galerians,,62.5,6.0
Crash Twinsanity,,77.0,3.0
DrumMania,,NaN,
Yu-Gi-Oh! Nightmare Troubadour,,NaN,3.0
Himegimi Detective,,41.0,
Kaite Tsukutte Asoberu: Dezaemon,,65.0,
Deus Ex: Mankind Divided,,77.0,6.0
Arena Football,,82.5,3.0
Tamagotchi no Narikiri Channel,,84.17703839802951,
Power Pro-Kun Pocket 1•2,,44.3333333333333,
Rayman Origins,,90.0,4.0
Thor: God of Thunder,,82.0,5.0
Medal of Honor: Infiltrator,,86.5,
Risen 2: Dark Waters,,60.0,6.0
Blazing Dragons,,40.0,
Geometry Wars: Galaxies,,61.66666666666665,3.0
Super Monkey Ball Deluxe,,67.907490800468,3.0
Shin Megami Tensei: Devil Summoner: Soul Hackers,,69.71612846505259,
Crayon Shin Chan,,NaN,
Alien: Isolation,,84.77879062006005,6.0
High Velocity Bowling,,NaN,4.0
Tamagotchi Collection,,NaN,
Pac-Man Party 3D,,NaN,3.0
"NewU Fitness First Mind Body, Yoga & Pilates Workout",,NaN,7.0
Backyard Sports: Sandlot Sluggers,,71.1457822447652,3.0
Turbo Prop Racing,,73.2638384363366,
Barbie Software: Groovy Games,,61.29834634323135,3.0
Tom Clancy's Ghost Recon,,63.0,5.0
Dance Dance Revolution A,,NaN,
Bakugan Battle Brawlers: Defenders of the Core,,65.75,4.0
Mad Dash Racing,,NaN,5.0
2-in-1 Solitaire,,89.6564545932268,
Summon Night 5,,NaN,
MotoGP 3: Ultimate Racing Technology,,NaN,3.0
Black Rock Shooter: The Game,,NaN,3.0
Travel Games for Dummies,,NaN,
BMX XXX,,55.10413032016635,6.0
Safecracker: The Ultimate Puzzle Adventure,,NaN,3.0
Tiger Woods PGA Tour 12,,63.7587617046785,3.0
Dragon Ball Z: Idainaru Son Goku Densetsu,,82.34545462297311,
Sonic Advance 3,,71.0,3.0
Boktai: The Sun Is in Your Hand,,67.625,3.0
Cars Mater-National Championship,,75.33333333333334,3.0
Making History: The Great War,,NaN,
Drawn to Life Collection,,NaN,
NaN,,52.5,5.0
Wizardry 8,,NaN,5.0
Dynasty Warriors 8: Xtreme Legends,,40.0,
Moshi Monsters: Katsuma Unleashed,,80.0,
Elf: The Movie,,40.0,5.0
Metal Slug 7,,70.375,
MLB SlugFest 2004,,NaN,
Tamagotchi no Appare! Niji-Venture,,60.66666666666665,3.0
Grabbed by the Ghoulies,,88.27160498069784,5.0
Ys: The Oath in Felghana,,38.3333333333333,5.0
Shadow Hearts: From the New World,,70.0,3.0
Mega Man Powered Up,,79.57544523405954,
CSI: 3 Dimensions of Murder,,NaN,5.0
Barbarian,,77.5,
QuickSpot,,52.5,6.0
Deception IV: Blood Ties,,73.61551286929085,
Tennis no Oji-Sama: Aim at the Victory!,,79.57798331690965,5.0
L.A. Rush,,75.875,5.0
Lunar 2: Eternal Blue Complete,,76.66824646873201,4.0
Where the Wild Things Are,,66.5,3.0
Pipe Dreams 3D,,NaN,
Derby Stallion III,,71.66666666666666,4.0
Adventure Time: Explore the Dungeon Because I Don't Know!,,NaN,5.0
Lost Dimension,,NaN,3.0
Fox Sports Golf '99,,NaN,5.0
Jurassic: The Hunted,,70.375,4.0
Power Rangers Super Legends,,57.97742986664745,
Sakura Taisen GB,,40.0,
Shining Force CD,,NaN,
duplicate - Rayman 3,,74.0,5.0
Fatal Frame,,86.3333333333333,5.0
The Fifth Element,,NaN,4.0
Kung Fu Panda 2,,80.0,3.0
Fast Food Panic,,NaN,
Diner Dash: Flo on the Go,,NaN,3.0
Adrenalin Misfits,,40.0,
Okaeri! Chibi-Robo! Happy Richie Oosouji,,61.5,5.0
Wild Arms 4,,72.5,
Haunted House,,30.0,3.0
Ratatouille,,57.83737024221455,5.0
G.I. Joe: The Rise of Cobra,,NaN,3.0
Casper: Spirit Dimensions,,44.3333333333333,
Super Robot Taisen OG Saga: Endless Frontier,,NaN,
Sengoku Musou 3 Empires,,NaN,3.0
Dream Pinball 3D,,83.6972994483908,
Thunder Truck Rally,,69.16089833763066,6.0
Dishonored,,NaN,3.0
Klonoa: Empire of Dreams,,57.5,5.0
G.I. Joe: The Rise of Cobra,,50.0,
Dragon Age: Origins - Ultimate Edition,,60.0,3.0
Balloon Pop,,NaN,
Disney Infinity 2.0: Marvel Super Heroes,,NaN,
Iron & Blood: Warriors of Ravenloft,,NaN,3.0
Asphalt: Urban GT 2,,72.83044296574005,3.0
Pinball Hall of Fame: The Gottlieb Collection,,55.0,5.0
Second Sight,,NaN,5.0
Spider-Man: Edge of Time,,NaN,4.0
Monster House,,60.625,5.0
Phantom Brave,,78.30769230769229,6.0
Just Cause,,87.08959008652658,6.0
ArmA 2,,NaN,3.0
Championship Motocross 2001 featuring Ricky Carmichael,,74.0,
Kenka Bancho 5: Otoko no Hosoku,,,4.0
Legend of the Guardians: The Owls of Ga'Hoole,,,
Doshin the Giant,,,3.0
2 in 1 Game Pack: DreamWorks' Shark Tale + Shrek 2,,,
Star Ocean: Blue Sphere,,,3.0
Mojo!,,,5.0
Destroy All Humans! Big Willy Unleashed,,,
Age of Empires: Collector's Edition,,,3.0
Ford Racing: Off Road,,,
Kamen Rider Ryuki,,,
Front Mission Alternative,,,5.0
World Championship Poker: Featuring Howard Lederer - All In,,,3.0
FIFA Soccer 2005,,,3.0
Cave Story 3D,,,
The Orange Box,,,
Super Dodgeball Brawlers,,,5.0
Victorious Boxers: Revolution,,,
Record of Agarest War 2,,,
SBK 2011 - FIM Superbike World Championship,,,
Power Stone,,,3.0
Jonny Moseley: Mad Trix,,,4.0
Monster Lab,,,
Uta no Prince-sama Repeat,,,5.0
Senran Kagura Burst,,,
MTV Music Generator 3: This is the Remix,,,3.0
Cake Mania 3,,,
.hack//Link,,,5.0
Terminator 3: Rise of the Machines,,,5.0
Star Wars: Knights of the Old Republic,,,3.0
SSX on Tour,,,3.0
NCAA College Basketball 2K3,,,
Class of Heroes,,,3.0
Yogi Bear: The Video Game,,,
Our House: Party!,,,4.0
The Legend of Heroes II: Prophecy of the Moonlight Witch,,,3.0
Cranium Kabookii,,,
Hero's Saga Laevatein Tactics,,,6.0
Doom,,,
Gundam Breaker 2,,,5.0
Trinity: Souls of Zill O'll,,,
Mary-Kate and Ashley: Winners Circle,,,3.0
PaRappa the Rapper 2,,,
Hexyz Force,,,
OutRun 2,,,
duplicate Okami HD,,,5.0
Marvel vs. Capcom 2: New Age of Heroes,,,6.0
Hitman: Blood Money,,,
Soukaigi,,,
Naruto Shippuden: Ninja Destiny 3,,,
Xevious 3D/G,,,
Pipe Mania,,,3.0
Gretzky NHL 2005,,,
Shonen Jump's Shaman King: Master of Spirits 2,,,4.0
Pangya: Fantasy Golf,,,3.0
NFL Blitz 2003,,,
Sumikko Gurashi: Omise Hajimerun Desu,,,5.0
Pirates: The Legend of Black Kat,,,
Fur Fighters: Viggo's Revenge,,,
Krull,,,
Yu-Gi-Oh! Monster Capsule GB,,,6.0
Risen,,,3.0
Top Spin 3,,,
Zapper One Wicked Cricket!,,,
The Da Vinci Code,,,
Watch Dogs 2,,,3.0
Mr. Driller Drill Spirits,,,3.0
Arctic Tale,,,3.0
Scooby-Doo! Night of 100 Frights,,,3.0
MX vs. ATV Reflex,,,5.0
Anno 1701: Dawn of Discovery,,,4.0
Chicken Shoot,,,6.0
Dead To Rights,,,5.0
Sphinx and the Cursed Mummy,,,
Cabela's Outdoor Adventures,,,5.0
T.R.A.G.: Mission of Mercy,,,
Naruto RPG 2: Chidori vs. Rasengan,,,3.0
Destruction Derby Raw,,,
Project 59,,,
Farming Simulator 2012,,,3.0
NFL Head Coach 09,,,
World Tour Soccer 2003,,,
Akiba's Trip,,,
Bravo Air Race,,,
Onimusha Essentials,,,5.0
Blazing Angels 2: Secret Missions of WWII,,,
Gundam: The Battle Master,,,3.0
Spyro: A Hero's Tail,,,
¡Shin Chan: Flipa en colores!,,,1.0
Just Cause 3,,,
Eternal Poison,,,
Lord of the Rings,,,6.0
X-Blades,,,3.0
Gretzky NHL 2005,,,6.0
Gungrave: Overdose,,,
Mobile Suit Gundam: Shin Gihren No Yabou,,,4.0
How to Train Your Dragon,,,4.0
Your Shape Fitness Evolved 2013,,,
My Fitness Coach Club,,,3.0
NBA ShootOut 2002,,,
SingStar Vol. 3,,,5.0
The Granstream Saga,,,5.0
Scene It? Bright Lights! Big Screen!,,,
"Holy Invasion of Privacy, Badman! What Did I Do To Deserve This?",,,5.0
WCW Backstage Assault,,,3.0
Micro Machines 64 Turbo,,,3.0
Bass Masters 2000,,,5.0
Baldur's Gate: Dark Alliance,,,
Xenosaga Freaks,,,
Eternal Eyes,,,5.0
Injustice: Gods Among Us,,,5.0
Fate/unlimited codes,,,3.0
Atari Greatest Hits Volume 1,,,5.0
The Operative: No One Lives Forever,,,
International Cricket 2010,,,
Epidemic,,,4.0
Monster House,,,5.0
Dead or Alive 2,,,5.0
Buck Fever,,,
NCAA Basketball Final Four 97,,,3.0
Ecco the Dolphin: Defender of the Future,,,
Heroes Over Europe,,,3.0
The Bombing Islands,,,
Earth Defense Force 2: Invaders from Planet Space,,,3.0
Bejeweled 3,,,3.0
Monster Jam,,,3.0
Robots,,,
Gyakuten Saiban Jiten,,,5.0
Godzilla: Save the Earth,,,4.0
Skylanders: Giants,,,5.0
Eragon,,,
Micro Machines,,,
Detective Barbie: The Mystery Cruise,,,3.0
The Muppets: On With the Show!,,,
Desire,,,5.0
Valhalla Knights: Eldar Saga,,,
Lips: I Love the 80s,,,
Monster Hunter Diary: Poka Poka Palico Village DX,,,
Frank Thomas Big Hurt Baseball,,,4.0
Tim Burton's The Nightmare Before Christmas: The Pumpkin King,,,
Power Pro-Kun Pocket 8,,,
Sid Meier's Pirates!,,,6.0
Enclave,,,
Bottom of the 9th,,,
Pro Yakyuu Spirits 2014,,,6.0
Dino Crisis 3,,,5.0
Syberia,,,3.0
Zoobles! Spring To Life!,,,3.0
NFL Blitz 2003,,,
The King of Fighters '94,,,6.0
The Walking Dead: Season Two,,,
Master Jin Jin's IQ Challenge,,,6.0
The Darkness II,,,3.0
Create,,,5.0
Karaoke Revolution Glee: Volume 3,,,3.0
Barbie: Explorer,,,6.0
Rambo: The Video Game,,,
Disney's Chicken Little: Ace in Action,,,5.0
Power Gig: Rise of the SixString,,,4.0
Transformers: Prime,,,5.0
Agile Warrior F-111X,,,5.0
NCIS,,,
Jikkyou Powerful Pro Yakyuu 2010,,,
Reality Fighters,,,1.0
Dynasty Warriors 7: Empires,,,5.0
Cabela's African Safari,,,4.0
Ben 10: Galactic Racing,,,3.0
College Hoops 2K8,,,
Super Puzzle Fighter II Turbo,,,3.0
Ninjatown,,,5.0
Star Wars: Episode I - Jedi Power Battles,,,5.0
Ultimate Muscle: Legends vs. New Generation,,,5.0
Hard Rock Casino,,,
Venus,,,
To Heart,,,4.0
Wild Arms XF,,,
Doukyuusei,,,
RockMan EXE N1 Battle,,,5.0
Persona 4 Arena Ultimax,,,3.0
NBA 2K13,,,3.0
Science Papa,,,3.0
Yu-Gi-Oh! Nightmare Troubadour,,,
MySims Collection,,,3.0
Cities: Skylines,,,3.0
Football Manager 2012,,,
Ape Escape Academy,,,
FIFA 16 Soccer,,,3.0
Rayman Arena,,,
PaRappa the Rapper,,,3.0
4x4 EVO 2,,,6.0
X-Blades,,,
Pro Yakyuu Star,,,5.0
The History Channel: Civil War – A Nation Divided,,,
Z.H.P. Unlosing Ranger VS Darkdeath Evilman,,,
Cyber Sled,,,
Puyo Puyo!! 20th Anniversary,,,
Pro Yakyuu Famista Returns,,,
New Bust-A-Move,,,3.0
I Spy Universe,,,3.0
Shining Soul,,,
Littlest Pet Shop: Spring,,,
The Amazing Race,,,3.0
Alvin and the Chipmunks,,,6.0
Far Cry: Primal,,,3.0
Bejeweled 3,,,3.0
Need for Speed: Underground 2,,,6.0
Dead Rising 2,,,
Let's Cheer!,,,3.0
Happy Feet,,,3.0
In the Hunt,,,
Daytona USA: Championship Circuit Edition,,,3.0
Major League Baseball 2K8,,,5.0
Marvel vs. Capcom 2: New Age of Heroes,,,
SNK vs. Capcom: The Match of the Millennium,,,5.0
BlazBlue: Chrono Phantasma Extend,,,
Alone in the Dark: Inferno,,,6.0
Rogue Warrior,,,5.0
SingStar Ultimate Party,,,
The X-Factor,,,5.0
Fear Factor: Unleashed,,,4.0
Avatar: The Last Airbender – The Burning Earth,,,
Vampire Moon: The Mystery of the Hidden Sun,,,
Paws & Claws Pampered Pets Resort 3D,,,5.0
G.I. Joe: The Rise of Cobra,,,
Football Manager 2014,,,3.0
Bit.Trip Saga,,,4.0
Touch My Katamari,,,3.0
MotoGP '06,,,
Senkaiden: TV Animation Senkaiden Houshin Engi Yori,,,
7th Dragon,,,
Pet Pals: Animal Doctor,,,3.0
Lego Island: Xtreme Stunts,,,3.0
Cruise Ship Vacation Games,,,
Yu-Gi-Oh! GX Tag Force,,,
Gourmet Chef,,,
Learn Math,,,4.0
Nitrobike,,,3.0
Magnetica,,,
World Soccer Winning Eleven 9,,,3.0
UEFA Euro 2004: Portugal,,,
Hot Wheels World Race,,,3.0
MLB 14: The Show,,,6.0
Dragon Age: Origins - Awakening,,,5.0
Scene It? Bright Lights! Big Screen!,,,3.0
NBA Jam,,,
Shining Resonance,,,3.0
World Tour Soccer 2002,,,
3DO Interactive Sampler 3,,,
Let's Play Ballerina,,,
Wild Earth: African Safari,,,3.0
APEX,,,
Kamen Rider Battle: Ganbaride,,,5.0
Tomb Raider: The Prophecy,,,6.0
Vampire Night,,,
Kororinpa: Marble Mania,,,4.0
Open Season,,,5.0
Guilty Gear,,,6.0
Battlefield Hardline,,,3.0
Game Party Champions,,,6.0
Divinity II: The Dragon Knight Saga,,,
World Championship Poker 2: Featuring Howard Lederer,,,3.0
Mary-Kate & Ashley: Crush Course,,,3.0
NHL Breakaway 98,,,
Disney's Cinderella: Magical Dreams,,,5.0
Top Shot Arcade,,,3.0
Imagine: Fashion Stylist,,,
Pro Evolution Soccer 2015,,,6.0
Red Orchestra 2: Heroes of Stalingrad,,,
Tiger Woods PGA Tour 2005,,,
Deepak Chopra's Leela,,,5.0
Tom Clancy's Ghost Recon,,,5.0
007: Quantum of Solace,,,3.0
Salt Lake 2002,,,3.0
ESPN MLB Baseball,,,5.0
NCIS,,,3.0
Little League World Series Baseball 2009,,,5.0
Gladius,,,5.0
Legends of Wrestling,,,
Queen's Gate: Spiral Chaos,,,
Nayuta no Kiseki,,,3.0
Back at the Barnyard: Slop Bucket Games,,,3.0
Quick Yoga Training,,,3.0
Fashion Studio: Paris Collection,,,6.0
Legendary,,,
Spy Hunter II,,,
Peppa Pig: Fun and Games,,,
Backyard Soccer,,,5.0
Final Fantasy XI: Rise of the Zilart,,,5.0
James Bond 007: Nightfire,,,
Nobunaga no Yabou: Tendou,,,
Medarot R,,,
Xenosaga Freaks,,,5.0
Castlevania Chronicles,,,
Suzumiya Haruhi no Tomadoi,,,3.0
MLB Power Pros 2008,,,4.0
NHL 2K8,,,4.0
Dokapon Kingdom,,,3.0
Bratz,,,4.0
Go Play Circus Star,,,5.0
King Arthur,,,
Winter Stars,,,
Hisshou Pachinko Kouryoku Series Vol. 1: CR Shinseiki Evangelion,,,6.0
The Guy Game,,,
Rurouni Kenshin: Enjou! Kyoto Rinne,,,6.0
Blade II,,,
Genso Suikoden: Tsumugareshi Hyakunen no Toki,,,3.0
Baseball Advance,,,
duplicate Shonen Jump's One Piece,,,3.0
Retro Atari Classics,,,3.0
NHL 2K9,,,
Pro Yakyuu Spirits 6,,,2.0
Freddi Fish: ABC's Under the Sea,,,4.0
Puzzle Kingdoms,,,3.0
Shovel Knight,,,5.0
Hyperdimension Neptunia PP: Producing Perfection,,,
PaperBoy / Rampage,,,
Shiren the Wanderer 4: The Eye of God and the Devil's Navel,,,4.0
Ben 10: Galactic Racing,,,5.0
Wargame: AirLand Battle,,,3.0
Breeders' Cup World Thoroughbred Championships,,,3.0
Tak 2: The Staff of Dreams,,,5.0
Hulk Hogan's Main Event,,,5.0
Transformers: Devastation,,,
Euro Truck Simulator 2,,,6.0
DmC: Devil May Cry,,,
Wipe Out,,,4.0
Ys: The Ark of Napishtim,,,5.0
Peter Jackson's King Kong: The Official Game of the Movie,,,3.0
Brain Assist,,,3.0
Azure Dreams,,,6.0
Rumble Roses XX,,,3.0
Space Camp,,,5.0
SingStar Latino,,,3.0
Bakugan: Battle Trainer,,,
Phantom Brave: We Meet Again,,,
Monster Rancher DS,,,
Kurt Warner's Arena Football Unleashed,,,
Nari Kids Park: HUGtto! PreCure,,,
Shin Megami Tensei: Devil Summoner 2: Raidou Kuzunoha vs King Abaddon,,,3.0
NHL 2K9,,,5.0
Venetica,,,
Disney's Kim Possible: Kimmunicator,,,
James Bond 007: Legends,,,6.0
Rogue Ops,,,3.0
NBA Hoopz,,,5.0
TransWorld Surf,,,
Rugby 15,,,3.0
MLB 11: The Show,,,3.0
Castrol Honda Superbike 2000,,,5.0
History Civil War: Secret Missions,,,5.0
Army Men: Green Rogue,,,3.0
My Spanish Coach,,,
Chessmaster,,,3.0
Over the Hedge: Hammy Goes Nuts!,,,4.0
Fatal Inertia,,,
Superman: The Man of Steel,,,
Ken to Mahou to Gakuen Mono. 3,,,4.0
Greg Hastings Paintball 2,,,
The Flintstones: Bedrock Bowling,,,4.0
Teenage Mutant Ninja Turtles: Danger of the Ooze,,,3.0
NHL 2003,,,3.0
Chicken Run,,,5.0
Scene It? Bright Lights! Big Screen!,,,3.0
My Baby First Steps,,,
Pro Yakyuu Spirits 2015,,,
Shining Force III,,,
Jikkyou Powerful Pro Yakyuu 2011 Ketteiban,,,
Tales of the Heroes - Twin Brave,,,5.0
WWE Survivor Series,,,
Kouchuu Ouja Mushi King: Greatest Champion e no Michi DS,,,
Super Robot Wars BX,,,5.0
Persona 4 Arena,,,5.0
Tomb Raider: Legend,,,3.0
Nagano Winter Olympics '98,,,5.0
Destroy All Humans! Path of the Furon,,,
Winning Post,,,5.0
Star Wars: Lethal Alliance,,,5.0
Midnight Mysteries: The Edgar Allan Poe Conspiracy,,,3.0
All Star Cheer Squad 2,,,3.0
Frogger Beyond,,,3.0
RPG Maker II,,,6.0
Resident Evil: Revelations 2,,,
Super SpongeBob Kart,,,
Destruction Derby: Arenas,,,5.0
Cabela's Dangerous Hunts 2009,,,5.0
The Unholy War,,,
Chuck E. Cheese's Arcade Room,,,
Doko Demo Issho,,,
Disney's Winnie the Pooh's Rumbly Tumbly Adventure / Rayman 3,,,5.0
Shaman King: Power Of Spirit,,,5.0
Eat Lead: The Return of Matt Hazard,,,6.0
Attack on Titan 2,,,
Soccer Tsuku DS: World Challenge 2010,,,
Family Fortunes,,,
Megamind: The Blue Defender,,,4.0
Contra III: The Alien Wars,,,6.0
Dead to Rights: Reckoning,,,3.0
The Bigs 2,,,
Slime MoriMori Dragon Quest 3: Taikaizoku to Shippo Dan,,,
